{"Whipsnakes_current": 0.2539350503014466, "Whipsnakes": [0.5, 0.5602010448667217, 0.588013290172082, 0.5314669517380564, 0.44331996308928806, 0.5258175010966063, 0.4570553313039813, 0.3736569410458832, 0.31197939448497786, 0.2449898960028381, 0.20025561501476194, 0.17253504733088487, 0.2147876710679372, 0.34593042608428265, 0.36703154135226196, 0.44273801506042654, 0.35769294411025643, 0.2871913210382146, 0.22911651306801653, 0.29362376405101914, 0.41581925851162954, 0.3436585162289128, 0.39687670656370594, 0.46555060243336643, 0.5881770566694657, 0.5079980088651462, 0.5215146941602159, 0.4427998093671909, 0.3665423385972785, 0.48238888157545706, 0.675231851842839, 0.7395193931782281, 0.6743079223260591, 0.750052885053961, 0.6268387664940474, 0.45515853611336765, 0.36651606364278605, 0.2968822758732244, 0.29781358463512875, 0.2539350503014466, 0.2539350503014466, 0], "Time": [0, 1, 2, 3, 4, 5, 6, 7, 8, 9, 10, 11, 12, 13, 14, 15, 16, 17, 18, 19, 20, 21, 22, 23, 24, 25, 26, 27, 28, 29, 30, 31, 32, 33, 34, 35, 36, 37, 38, 39, 40, 41], "Chaos": [0.5, 0.43979895513327827, 0.41198670982791796, 0.46853304826194364, 0.5566800369107119, 0.4741824989033937, 0.5429446686960187, 0.6263430589541168, 0.6880206055150222, 0.755010103997162, 0.799744384985238, 0.8274649526691151, 0.7852123289320628, 0.6540695739157174, 0.632968458647738, 0.5572619849395735, 0.6423070558897436, 0.7128086789617853, 0.7708834869319835, 0.7063762359489809, 0.5841807414883704, 0.6563414837710873, 0.603123293436294, 0.5344493975666336, 0.41182294333053426, 0.49200199113485377, 0.4784853058397841, 0.5572001906328091, 0.6334576614027214, 0.5176111184245429, 0.32476814815716104, 0.2604806068217719, 0.3256920776739409, 0.24994711494603905, 0.37316123350595265, 0.5448414638866323, 0.633483936357214, 0.7031177241267756, 0.7021864153648713, 0.7460649496985534, 0.7460649496985534, 1.00], "Chaos_current": 0.7460649496985534}
